,train,train_label,val,val_label,test,test_label
0,407,0,162,1,284,0
1,373,0,165,0,20,1
2,27,1,5,0,18,1
3,16,0,402,1,138,0
4,355,1,418,0,182,1
5,177,1,379,0,330,0
6,451,0,335,0,390,0
7,104,0,57,0,240,0
8,91,0,423,0,272,0
9,225,0,213,0,190,1
10,417,0,230,1,244,0
11,425,0,45,0,314,1
12,15,0,331,1,322,1
13,377,1,227,1,444,0
14,282,1,32,0,77,1
15,382,0,147,1,172,0
16,206,0,325,0,349,1
17,131,0,345,0,150,1
18,367,0,12,0,389,0
19,7,1,295,0,21,1
20,85,1,219,1,437,0
21,296,0,436,0,320,0
22,445,0,401,0,205,0
23,260,0,132,1,363,0
24,17,1,154,1,441,0
25,305,1,342,1,98,0
26,397,0,302,0,245,1
27,220,0,202,1,30,0
28,198,1,456,0,361,1
29,72,1,59,1,109,0
30,92,1,289,0,313,1
31,307,1,188,1,13,1
32,94,1,269,1,387,0
33,44,1,254,0,71,1
34,337,1,175,1,241,0
35,65,0,148,0,256,0
36,385,1,344,1,399,0
37,160,1,96,0,197,1
38,360,1,41,0,122,1
39,288,0,137,0,343,0
40,81,0,2,1,298,0
41,364,0,40,1,378,1
42,303,1,214,0,323,1
43,136,1,271,0,194,1
44,101,0,422,1,9,0
45,280,1,250,1,453,0
46,107,1,266,0,223,1
47,438,0,128,1,229,1
48,267,1,246,1,408,1
49,25,0,226,0,431,0
50,196,1,11,0,239,0
51,204,1,332,1,442,1
52,113,0,328,0,119,0
53,255,0,329,1,369,0
54,435,1,207,1,434,1
55,43,1,395,1,75,1
56,33,1,376,1,180,1
57,238,1,181,1,126,0
58,215,1,354,1,265,1
59,321,1,311,1,216,0
60,158,1,278,0,135,0
61,443,1,327,1,26,1
62,279,0,173,1,370,1
63,372,0,450,0,186,1
64,88,1,339,0,35,1
65,52,0,375,1,416,1
66,439,1,,,,
67,164,1,,,,
68,99,0,,,,
69,457,1,,,,
70,153,0,,,,
71,351,1,,,,
72,270,0,,,,
73,247,1,,,,
74,39,0,,,,
75,66,1,,,,
76,209,0,,,,
77,1,1,,,,
78,31,1,,,,
79,427,1,,,,
80,253,1,,,,
81,78,0,,,,
82,287,0,,,,
83,411,0,,,,
84,301,1,,,,
85,103,0,,,,
86,396,0,,,,
87,347,0,,,,
88,304,1,,,,
89,403,1,,,,
90,324,1,,,,
91,290,0,,,,
92,249,0,,,,
93,193,0,,,,
94,273,1,,,,
95,63,0,,,,
96,294,1,,,,
97,458,0,,,,
98,224,1,,,,
99,217,0,,,,
100,243,1,,,,
101,338,1,,,,
102,393,0,,,,
103,187,1,,,,
104,19,1,,,,
105,24,1,,,,
106,157,1,,,,
107,312,0,,,,
108,222,1,,,,
109,237,1,,,,
110,391,0,,,,
111,97,1,,,,
112,257,1,,,,
113,448,0,,,,
114,42,1,,,,
115,421,0,,,,
116,118,0,,,,
117,336,1,,,,
118,124,1,,,,
119,285,0,,,,
120,461,1,,,,
121,316,1,,,,
122,48,1,,,,
123,191,0,,,,
124,125,1,,,,
125,318,1,,,,
126,359,0,,,,
127,447,1,,,,
128,366,0,,,,
129,163,1,,,,
130,310,1,,,,
131,404,0,,,,
132,74,1,,,,
133,291,0,,,,
134,208,1,,,,
135,449,0,,,,
136,299,1,,,,
137,334,1,,,,
138,185,1,,,,
139,394,0,,,,
140,258,1,,,,
141,430,0,,,,
142,156,1,,,,
143,8,1,,,,
144,362,0,,,,
145,64,0,,,,
146,90,0,,,,
147,235,0,,,,
148,67,1,,,,
149,189,1,,,,
150,14,1,,,,
151,293,0,,,,
152,37,0,,,,
153,350,0,,,,
154,84,0,,,,
155,112,0,,,,
156,283,0,,,,
157,433,0,,,,
158,454,0,,,,
159,76,1,,,,
160,242,1,,,,
161,406,1,,,,
162,233,1,,,,
163,274,0,,,,
164,149,1,,,,
165,356,0,,,,
166,357,0,,,,
167,34,0,,,,
168,286,1,,,,
169,308,0,,,,
170,123,0,,,,
171,424,1,,,,
172,58,1,,,,
173,142,1,,,,
174,47,0,,,,
175,100,0,,,,
176,176,0,,,,
177,143,0,,,,
178,115,1,,,,
179,56,0,,,,
180,365,0,,,,
181,262,0,,,,
182,251,1,,,,
183,120,1,,,,
184,82,0,,,,
185,234,1,,,,
186,179,1,,,,
187,432,1,,,,
188,36,1,,,,
189,29,0,,,,
190,277,0,,,,
191,413,0,,,,
192,392,0,,,,
193,446,0,,,,
194,79,0,,,,
195,106,1,,,,
196,108,1,,,,
197,410,0,,,,
198,146,1,,,,
199,263,0,,,,
200,275,1,,,,
201,130,1,,,,
202,51,0,,,,
203,340,1,,,,
204,409,0,,,,
205,166,0,,,,
206,3,1,,,,
207,300,0,,,,
208,203,1,,,,
209,161,1,,,,
210,139,1,,,,
211,174,0,,,,
212,95,0,,,,
213,111,0,,,,
214,83,0,,,,
215,55,1,,,,
216,341,1,,,,
217,28,0,,,,
218,169,1,,,,
219,319,1,,,,
220,333,1,,,,
221,184,0,,,,
222,455,1,,,,
223,199,1,,,,
224,380,0,,,,
225,353,1,,,,
226,167,0,,,,
227,297,0,,,,
228,212,0,,,,
229,62,0,,,,
230,358,0,,,,
231,368,0,,,,
232,134,0,,,,
233,102,1,,,,
234,116,0,,,,
235,381,0,,,,
236,86,1,,,,
237,133,0,,,,
238,459,0,,,,
239,268,1,,,,
240,315,1,,,,
241,252,1,,,,
242,352,0,,,,
243,171,1,,,,
244,46,1,,,,
245,183,1,,,,
246,140,1,,,,
247,80,0,,,,
248,54,1,,,,
249,129,1,,,,
250,168,0,,,,
251,276,1,,,,
252,383,0,,,,
253,429,0,,,,
254,400,0,,,,
255,412,0,,,,
256,192,1,,,,
257,232,0,,,,
258,170,1,,,,
259,23,1,,,,
260,105,1,,,,
261,49,0,,,,
262,440,0,,,,
263,155,0,,,,
264,428,0,,,,
265,201,1,,,,
266,326,1,,,,
267,70,0,,,,
268,121,1,,,,
269,73,1,,,,
270,178,1,,,,
271,69,0,,,,
272,426,1,,,,
273,93,1,,,,
274,89,0,,,,
275,141,1,,,,
276,452,0,,,,
277,261,0,,,,
278,61,1,,,,
279,306,0,,,,
280,218,1,,,,
281,414,0,,,,
282,22,1,,,,
283,87,1,,,,
284,159,1,,,,
285,292,0,,,,
286,371,0,,,,
287,386,0,,,,
288,151,0,,,,
289,195,1,,,,
290,248,0,,,,
291,210,0,,,,
292,68,0,,,,
293,419,0,,,,
294,398,0,,,,
295,127,0,,,,
296,10,1,,,,
297,346,0,,,,
298,53,1,,,,
299,4,1,,,,
300,60,0,,,,
301,384,0,,,,
302,348,1,,,,
303,114,0,,,,
304,145,1,,,,
305,117,0,,,,
